S4_mean,S4_min,S4_max,S5_mean,S5_min,S5_max,S8_mean,S8_min,S8_max,Person_ID,Label
1.208259625,0.468,2.15,1.13308775,0.475,2.168,0.85704375,0.277,1.859,C01,0
1.208259625,0.468,2.15,1.13308775,0.475,2.168,0.85704375,0.277,1.859,C01,0
1.229885625,0.412,2.02,1.145592125,0.439,2.035,0.874674125,0.255,1.85,C02,0
1.229885625,0.412,2.02,1.145592125,0.439,2.035,0.874674125,0.255,1.85,C02,0
1.713651875,0.658,2.597,1.5595476250000002,0.693,2.553,0.736685625,0.081,2.197,C03,0
1.713651875,0.658,2.597,1.5595476250000002,0.693,2.553,0.736685625,0.081,2.197,C03,0
1.696177125,0.658,2.341,1.5295483749999998,0.676,2.322,0.276548875,0.086,0.826,C04,0
1.696177125,0.658,2.341,1.5295483749999998,0.676,2.322,0.276548875,0.086,0.826,C04,0
1.3505678749999999,0.506,2.322,1.256133375,0.477,2.264,1.1634200000000001,0.314,2.103,C05,0
1.3505678749999999,0.506,2.322,1.256133375,0.477,2.264,1.1634200000000001,0.314,2.103,C05,0
1.44764275,0.423,2.358,1.347014,0.405,2.327,1.343020125,0.268,2.158,C06,0
1.44764275,0.423,2.358,1.347014,0.405,2.327,1.343020125,0.268,2.158,C06,0
1.024138875,0.34,1.579,0.9746793749999999,0.33,1.59,0.8643500000000001,0.214,1.466,C07,0
1.024138875,0.34,1.579,0.9746793749999999,0.33,1.59,0.8643500000000001,0.214,1.466,C07,0
1.048638875,0.36,1.652,1.001587875,0.345,1.641,0.8669082499999999,0.221,1.546,C08,0
1.048638875,0.36,1.652,1.001587875,0.345,1.641,0.8669082499999999,0.221,1.546,C08,0
1.851939375,0.744,2.305,1.869996875,0.807,2.265,1.45762175,0.562,1.771,C09,0
1.851939375,0.744,2.305,1.869996875,0.807,2.265,1.45762175,0.562,1.771,C09,0
1.767725875,0.55,2.347,1.7779320000000003,0.603,2.322,1.4316345000000001,0.386,2.113,C10,0
1.767725875,0.55,2.347,1.7779320000000003,0.603,2.322,1.4316345000000001,0.386,2.113,C10,0
0.6588875000000001,0.358,1.256,0.6876125000000001,0.414,1.301,0.40930012499999996,0.24,0.93,D01,1
0.6588875000000001,0.358,1.256,0.6876125000000001,0.414,1.301,0.40930012499999996,0.24,0.93,D01,1
0.6891972500000001,0.324,1.427,0.713356,0.368,1.451,0.45017575,0.219,1.112,D02,1
0.6891972500000001,0.324,1.427,0.713356,0.368,1.451,0.45017575,0.219,1.112,D02,1
0.6297418749999999,0.266,1.412,0.656542625,0.305,1.487,0.411499,0.188,1.135,D03,1
0.6297418749999999,0.266,1.412,0.656542625,0.305,1.487,0.411499,0.188,1.135,D03,1
0.6230935,0.321,1.423,0.6496722500000001,0.353,1.479,0.40005075,0.213,1.095,D04,1
0.6230935,0.321,1.423,0.6496722500000001,0.353,1.479,0.40005075,0.213,1.095,D04,1
0.8066286250000001,0.276,1.645,0.806523125,0.327,1.677,0.5278193750000001,0.196,1.296,D05,1
0.8066286250000001,0.276,1.645,0.806523125,0.327,1.677,0.5278193750000001,0.196,1.296,D05,1
0.783486,0.358,1.501,0.78185375,0.408,1.517,0.507330375,0.238,1.164,D06,1
0.783486,0.358,1.501,0.78185375,0.408,1.517,0.507330375,0.238,1.164,D06,1
0.52017225,0.301,1.247,0.577728625,0.349,1.331,0.360666625,0.207,1.001,D07,1
0.52017225,0.301,1.247,0.577728625,0.349,1.331,0.360666625,0.207,1.001,D07,1
0.607808125,0.316,1.187,0.6291905000000001,0.36,1.252,0.38543574999999997,0.211,0.91,D08,1
0.607808125,0.316,1.187,0.6291905000000001,0.36,1.252,0.38543574999999997,0.211,0.91,D08,1
0.834243625,0.414,1.731,0.8845074999999999,0.472,1.863,0.574999625,0.282,1.443,D09,1
0.834243625,0.414,1.731,0.8845074999999999,0.472,1.863,0.574999625,0.282,1.443,D09,1
0.7871526249999999,0.37,1.56,0.82319625,0.415,1.712,0.5216902500000001,0.25,1.264,D10,1
0.7871526249999999,0.37,1.56,0.82319625,0.415,1.712,0.5216902500000001,0.25,1.264,D10,1
0.8016586250000001,0.395,1.6,0.897952125,0.497,1.782,0.53519975,0.263,1.246,D11,1
0.8016586250000001,0.395,1.6,0.897952125,0.497,1.782,0.53519975,0.263,1.246,D11,1
0.8346368750000002,0.397,1.675,0.912919375,0.478,1.808,0.5626587500000001,0.255,1.375,D12,1
0.8346368750000002,0.397,1.675,0.912919375,0.478,1.808,0.5626587500000001,0.255,1.375,D12,1
1.118528375,0.48,1.882,1.151288375,0.562,1.892,0.726710125,0.294,1.497,D13,1
1.118528375,0.48,1.882,1.151288375,0.562,1.892,0.726710125,0.294,1.497,D13,1
0.9301079999999999,0.467,1.586,0.95157875,0.518,1.634,0.555305375,0.267,1.159,D14,1
0.9301079999999999,0.467,1.586,0.95157875,0.518,1.634,0.555305375,0.267,1.159,D14,1
0.977404,0.454,1.519,0.9488525,0.481,1.535,0.596064875,0.257,1.176,D15,1
0.977404,0.454,1.519,0.9488525,0.481,1.535,0.596064875,0.257,1.176,D15,1
1.00241775,0.466,1.551,0.939402375,0.48,1.547,0.617298375,0.266,1.231,D16,1
1.00241775,0.466,1.551,0.939402375,0.48,1.547,0.617298375,0.266,1.231,D16,1
0.9457329999999999,0.371,1.816,0.9207025,0.398,1.835,0.6437562499999999,0.229,1.507,D17,1
0.9457329999999999,0.371,1.816,0.9207025,0.398,1.835,0.6437562499999999,0.229,1.507,D17,1
1.109952125,0.414,1.816,1.04035075,0.438,1.835,0.7520635,0.24,1.507,D18,1
1.109952125,0.414,1.816,1.04035075,0.438,1.835,0.7520635,0.24,1.507,D18,1
0.6751682499999999,0.267,1.272,0.694043375,0.309,1.318,0.433433875,0.187,0.982,D19,1
0.6751682499999999,0.267,1.272,0.694043375,0.309,1.318,0.433433875,0.187,0.982,D19,1
0.5071875,0.314,1.244,0.56887425,0.353,1.302,0.35296399999999994,0.211,0.97,D20,1
0.5071875,0.314,1.244,0.56887425,0.353,1.302,0.35296399999999994,0.211,0.97,D20,1
